key,labels,freebase_id
clueweb12-0000tw-00-00009,Walt Disney World,/m/09b1k
clueweb12-0000tw-00-00034,CBS News,/m/01_8w2
clueweb12-0000tw-00-00067,St. Croix,/m/01hd63
clueweb12-0000tw-00-00069,Classes,/m/0n526zv
clueweb12-0000tw-00-00070,Juliet,/m/06fsr
clueweb12-0000tw-00-00073,Vincent,/m/052481q
clueweb12-0000tw-00-00084,iPhone,/m/0h6jq73
clueweb12-0000tw-00-00037,Deutsche Boerse,/m/063dyk
clueweb12-0000tw-00-00075,Xbox,/m/0k0qgnn
clueweb12-0000tw-00-00054,Hayley Williams,/m/057xn_m
clueweb12-0000tw-00-00084,Books,/m/05h7rm
clueweb12-0000tw-00-00084,CTA,/m/056c6mf
clueweb12-0000tw-00-00062,UFT,/m/0705j0
clueweb12-0000tw-00-00076,Shurikens,/m/011j2w
clueweb12-0000tw-00-00074,Time,/m/067l47
clueweb12-0000tw-00-00070,Xbox World,/m/0g2wj5
clueweb12-0000tw-00-00077,Time,/m/067l47
clueweb12-0000tw-00-00019,Medicaid,/m/0fh83
clueweb12-0000tw-00-00019,U.S.,/m/029wc8
clueweb12-0000tw-00-00059,Gothamist,/m/0h7tps
clueweb12-0000tw-00-00076,Time,/m/067l47
clueweb12-0000tw-00-00070,Mass Effect 3,/m/04f2mnn
clueweb12-0000tw-00-00074,PSN,/m/03bxt_x
clueweb12-0000tw-00-00041,CBS News,/m/01_8w2
clueweb12-0000tw-00-00054,Manggarai,/m/09glnhk
clueweb12-0000tw-00-00062,NYPD,/m/01lvn4
clueweb12-0000tw-00-00066,Simmi,/m/063__x
clueweb12-0000tw-00-00089,IMHO,/m/01yjl
clueweb12-0000tw-00-00057,Brian Jacob,/m/05b_spt
clueweb12-0000tw-00-00037,New York,/m/02_286
clueweb12-0000tw-00-00073,Final Fantasy XIII-2 Review,/m/0g9sv_q
clueweb12-0000tw-00-00009,Small World,/m/028k8w
clueweb12-0000tw-00-00019,The United States,/m/06tfq8
clueweb12-0000tw-00-00037,Paris,/m/0h0_x
clueweb12-0000tw-00-00060,Greg,/m/0j17hsv
clueweb12-0000tw-00-00063,Roman,/m/02qgzvs
clueweb12-0000tw-00-00081,ROI,/m/04vl30
clueweb12-0000tw-00-00085,Ron Paul,/m/016lh0
clueweb12-0000tw-00-00038,Deutsche Boerse,/m/063dyk
clueweb12-0000tw-00-00066,NY Times,/m/07k2d
clueweb12-0000tw-00-00074,Valve,/m/05jzls
clueweb12-0000tw-00-00057,Giglio,/m/02y4yg
clueweb12-0000tw-00-00060,Bloomberg,/m/09pfj
clueweb12-0000tw-00-00062,Cornelius Vanderbilt,/m/01w6y_
clueweb12-0000tw-00-00069,Craft,/m/048xh
clueweb12-0000tw-00-00070,US,/m/05w_b6
clueweb12-0000tw-00-00039,WordPress,/m/02vtpl
clueweb12-0000tw-00-00061,Georgia,/m/013yq
clueweb12-0000tw-00-00073,Gotham City Impostors,/m/0gw_ffl
clueweb12-0000tw-00-00076,Xbox,/m/0k0qgnn
clueweb12-0000tw-00-00033,US,/m/05w_b6
clueweb12-0000tw-00-00070,the New York Times,/m/0g5sv0_
clueweb12-0000tw-00-00025,House,/m/06cbwq_
clueweb12-0000tw-00-00054,ABC World News,/m/01bnbs
clueweb12-0000tw-00-00060,the Police Commissioner,/m/05wwf7
clueweb12-0000tw-00-00066,s,/m/028brk4
clueweb12-0000tw-00-00050,Mozzarella,/m/0610rv
clueweb12-0000tw-00-00038,BAC,/m/01jms
clueweb12-0000tw-00-00045,Login,/m/05hgxb
clueweb12-0000tw-00-00071,eReader,/m/0hhssjq
clueweb12-0000tw-00-00086,UX,/m/07scx
clueweb12-0000tw-00-00035,BAC,/m/01jms
clueweb12-0000tw-00-00038,Washington,/m/09snz
clueweb12-0000tw-00-00039,CBS News,/m/01_8w2
clueweb12-0000tw-00-00054,ismail marzuki,/m/0h3wm55
clueweb12-0000tw-00-00070,Netflix,/m/017rf_
clueweb12-0000tw-00-00085,Navigation,/m/026_770
clueweb12-0000tw-00-00039,Total SA,/m/03d938
clueweb12-0000tw-00-00054,mahkota,/m/0dr14z
clueweb12-0000tw-00-00054,nama,/m/05sxfc0
clueweb12-0000tw-00-00026,New Zealand,/m/02pf5b
clueweb12-0000tw-00-00035,CBS News,/m/01_8w2
clueweb12-0000tw-00-00054,Christina Aguilera,/m/0127s7
clueweb12-0000tw-00-00062,OCCUPY,/m/0hnb8t1
clueweb12-0000tw-00-00054,John Lennon,/m/01vsl3_
clueweb12-0000tw-00-00060,Marine,/m/0c4659
clueweb12-0000tw-00-00071,SEO,/m/0dxmvd
clueweb12-0000tw-00-00077,Mass Effect,/m/064ltt5
clueweb12-0000tw-00-00047,Mozzarella,/m/0610rv
clueweb12-0000tw-00-00060,Scotto,/m/0r111
clueweb12-0000tw-00-00073,UFC,/m/063yf18
clueweb12-0000tw-00-00080,Grid System,/m/0yxmf
clueweb12-0000tw-00-00056,RSS,/m/0n5tx
clueweb12-0000tw-00-00061,Public Citizen,/m/01bvkn
clueweb12-0000tw-00-00070,Frictional,/m/0gjzf
clueweb12-0000tw-00-00071,Kinde,/m/0v7ld
clueweb12-0000tw-00-00027,United HealthCare,/m/09n0db4
clueweb12-0000tw-00-00048,WordPress,/m/02vtpl
clueweb12-0000tw-00-00056,South Africa,/m/0210tk
clueweb12-0000tw-00-00071,Pikimal,/m/0gtx5dl
clueweb12-0000tw-00-00084,Angela Jones,/m/09kcym
clueweb12-0000tw-00-00034,BAC,/m/01jms
clueweb12-0000tw-00-00040,Haiti,/m/03gyl
clueweb12-0000tw-00-00045,Macromedia Flash Player,/m/058b6
clueweb12-0000tw-00-00053,Advanced,/m/0dlkpg4
clueweb12-0000tw-00-00056,MSNBC,/m/0152x_
clueweb12-0000tw-00-00059,New York,/m/02_286
clueweb12-0000tw-00-00061,Gothamist,/m/0h7tps
clueweb12-0000tw-00-00066,YA,/m/0g0n4bp
clueweb12-0000tw-00-00034,The European Central Bank,/m/02l6_
clueweb12-0000tw-00-00057,Gothamist,/m/0h7tps
clueweb12-0000tw-00-00060,Post,/m/084dw
clueweb12-0000tw-00-00074,DOTA,/m/073pnt
clueweb12-0000tw-00-00059,Nicky,/m/0j17kbl
clueweb12-0000tw-00-00070,PS3,/m/067gh
clueweb12-0000tw-00-00072,Jenn,/m/03grhgl
clueweb12-0000tw-00-00053,RSS,/m/0n5tx
clueweb12-0000tw-00-00054,Madonna,/m/0c1twn9
clueweb12-0000tw-00-00054,bila,/m/0cpcdc
clueweb12-0000tw-00-00057,RSS,/m/0n5tx
clueweb12-0000tw-00-00063,WordPress,/m/02vtpl
clueweb12-0000tw-00-00073,DLC,/m/03mg0nl
clueweb12-0000tw-00-00077,Xbox,/m/0k0qgnn
clueweb12-0000tw-00-00053,Virus,/m/01__7l
clueweb12-0000tw-00-00077,PSN,/m/03bxt_x
clueweb12-0000tw-00-00007,Collette,/m/02q_s1s
clueweb12-0000tw-00-00064,US,/m/05w_b6
clueweb12-0000tw-00-00069,Daniel Jones,/m/0n8zjf4
clueweb12-0000tw-00-00038,Bank of America,/m/01yx7f
clueweb12-0000tw-00-00054,David Archuleta,/m/04n6pcv
clueweb12-0000tw-00-00067,Charlie,/m/02ckb2
clueweb12-0000tw-00-00046,HERE,/m/0f2g043
clueweb12-0000tw-00-00065,Florida Times-Union,/m/0479m0
clueweb12-0000tw-00-00070,Montreal,/m/0bszz
clueweb12-0000tw-00-00053,Jason Bourne,/m/03nb2p
clueweb12-0000tw-00-00083,Google,/m/0387r
clueweb12-0000tw-00-00086,Google Analytics,/m/08w9_f
clueweb12-0000tw-00-00033,Greece,/m/0n2z
clueweb12-0000tw-00-00054,EVENTS,/m/08lyzw
clueweb12-0000tw-00-00065,YA,/m/0g0n4bp
clueweb12-0000tw-00-00088,RPU,/m/05ywlz
clueweb12-0000tw-00-00073,Bloodrayne,/m/0hzqmyv
clueweb12-0000tw-00-00080,Super,/m/070c4
clueweb12-0000tw-00-00081,Wordpress,/m/02w7h
clueweb12-0000tw-00-00019,CDC,/m/0140nn
clueweb12-0000tw-00-00053,Hacke,/m/01qybrv
clueweb12-0000tw-00-00054,Broken Hearts,/m/02661rh
clueweb12-0000tw-00-00062,Betty,/m/025mb_
clueweb12-0000tw-00-00065,Roger Smith,/m/03dt87
clueweb12-0000tw-00-00085,Herman Cain,/m/05972y
clueweb12-0000tw-00-00085,New Hampshire,/m/09g5jw
clueweb12-0000tw-00-00031,Leukemia,/m/0bx3n7
clueweb12-0000tw-00-00037,Los Angeles Times,/m/01p06z
clueweb12-0000tw-00-00054,tim,/m/0144t89
clueweb12-0000tw-00-00018,Berlin,/m/082g6
clueweb12-0000tw-00-00022,healthcare,/m/02rvt02
clueweb12-0000tw-00-00046,ISP,/m/0pjxv
clueweb12-0000tw-00-00054,Velvet,/m/0dx8xwz
clueweb12-0000tw-00-00054,pacific,/m/02qfxs5
clueweb12-0000tw-00-00079,Monotype Corsiva Click,/m/09k5q79
clueweb12-0000tw-00-00088,FRA,/m/060mvr
clueweb12-0000tw-00-00000,france,/m/03hl237
clueweb12-0000tw-00-00053,Facebook,/m/02y1vz
clueweb12-0000tw-00-00072,Xbox,/m/0k0qgnn
clueweb12-0000tw-00-00083,NIce,/m/0crj9bc
clueweb12-0000tw-00-00031,Hodgkins,/m/02qg4h
clueweb12-0000tw-00-00040,Bank of America,/m/01yx7f
clueweb12-0000tw-00-00054,Jakarta,/m/07_dk3
clueweb12-0000tw-00-00035,Bank of America,/m/01yx7f
clueweb12-0000tw-00-00037,Washington,/m/09snz
clueweb12-0000tw-00-00086,Tisha M.,/m/01t663
clueweb12-0000tw-00-00039,Los Angeles Times,/m/01p06z
clueweb12-0000tw-00-00046,User Login,/m/02pvq3t
clueweb12-0000tw-00-00054,Demi Moore,/m/019pm_
clueweb12-0000tw-00-00054,dan,/m/075r56
clueweb12-0000tw-00-00073,Shurikens,/m/011j2w
clueweb12-0000tw-00-00022,California,/m/0r4nh
clueweb12-0000tw-00-00062,Lucretia Mott,/m/04q52
clueweb12-0000tw-00-00074,Final Fantasy XIII-2 Review,/m/0g9sv_q
clueweb12-0000tw-00-00089,FRA,/m/060mvr
clueweb12-0000tw-00-00027,united healthcare,/m/060jqm
clueweb12-0000tw-00-00054,yang,/m/0crypnk
clueweb12-0000tw-00-00064,WordPress,/m/02vtpl
clueweb12-0000tw-00-00083,Blogger,/m/0410_vq
clueweb12-0000tw-00-00041,Wales,/m/0j_xl
clueweb12-0000tw-00-00083,Picasa,/m/04dtx9
clueweb12-0000tw-00-00083,WP,/m/024zrb
clueweb12-0000tw-00-00085,the Democratic Party,/m/023bx5
clueweb12-0000tw-00-00020,Healthcare Management,/m/03c28kx
clueweb12-0000tw-00-00070,King Arthur II,/m/0hzmwm0
clueweb12-0000tw-00-00034,Los Angeles Times,/m/01p06z
clueweb12-0000tw-00-00041,Bank of America,/m/01yx7f
clueweb12-0000tw-00-00059,Brighton Beach,/m/0d6yv
clueweb12-0000tw-00-00067,Amazon,/m/0mgkg
clueweb12-0000tw-00-00069,Contact,/m/02byjk
clueweb12-0000tw-00-00071,Murphys Law,/m/0ct6y
clueweb12-0000tw-00-00085,GOP,/m/07wbk
clueweb12-0000tw-00-00054,Nama,/m/05sxfc0
clueweb12-0000tw-00-00061,the Washington Post,/m/0px38
clueweb12-0000tw-00-00062,Times,/m/05lq3q
clueweb12-0000tw-00-00066,Alex,/m/06f952x
clueweb12-0000tw-00-00066,WordPress,/m/02vtpl
clueweb12-0000tw-00-00015,Tinnitus,/m/04klxbz
clueweb12-0000tw-00-00036,Bank of America,/m/01yx7f
clueweb12-0000tw-00-00058,M. Wells,/m/03hnd
clueweb12-0000tw-00-00009,WDW,/m/09b1k
clueweb12-0000tw-00-00041,Holyhead,/m/018vfy
clueweb12-0000tw-00-00056,brah,/m/01qrw36
clueweb12-0000tw-00-00060,the National Enquirer,/m/020g37
clueweb12-0000tw-00-00062,the Teachers Union,/m/04gny
clueweb12-0000tw-00-00065,Rebecca,/m/047tr42
clueweb12-0000tw-00-00073,The Simpsons Arcade Game,/m/0401_3
clueweb12-0000tw-00-00041,Los Angeles Times,/m/01p06z
clueweb12-0000tw-00-00057,Louise,/m/05y3k1z
clueweb12-0000tw-00-00083,CA,/m/0r26c
clueweb12-0000tw-00-00053,Belum,/m/03clsl1
clueweb12-0000tw-00-00065,WordPress,/m/02vtpl
clueweb12-0000tw-00-00070,PSN,/m/03bxt_x
clueweb12-0000tw-00-00071,Ebert,/m/0dfps
clueweb12-0000tw-00-00088,Continental,/m/04_1l0v
clueweb12-0000tw-00-00057,the Daily News,/m/05dzbw
clueweb12-0000tw-00-00062,Harriet,/m/0cgqxd
clueweb12-0000tw-00-00075,Jenn,/m/03grhgl
clueweb12-0000tw-00-00062,Gothamist,/m/0h7tps
clueweb12-0000tw-00-00067,Susan Wiggs,/m/02w629j
clueweb12-0000tw-00-00081,Jane,/m/03dggm
clueweb12-0000tw-00-00040,NYSE,/m/05drh
clueweb12-0000tw-00-00062,Occupy,/m/0h93zy7
clueweb12-0000tw-00-00074,Blizzards,/m/01nvh07
clueweb12-0000tw-00-00036,WordPress,/m/02vtpl
clueweb12-0000tw-00-00038,pct,/m/056rt8
clueweb12-0000tw-00-00054,kemayoran,/m/03gzt7_
clueweb12-0000tw-00-00025,The American Association of Retired Persons,/m/023_22
clueweb12-0000tw-00-00054,Interscope Records,/m/01trtc
clueweb12-0000tw-00-00058,the Surgeon General,/m/01g242
clueweb12-0000tw-00-00060,Mayor Bloomberg,/m/09pfj
clueweb12-0000tw-00-00070,Final Fantasy XIII-2 Review,/m/0g9sv_q
clueweb12-0000tw-00-00074,Defense of the Ancients,/m/073pnt
clueweb12-0000tw-00-00037,CBS News,/m/01_8w2
clueweb12-0000tw-00-00084,Amazon,/m/0mgkg
clueweb12-0000tw-00-00058,New York,/m/02_286
clueweb12-0000tw-00-00070,Shuhei Yoshida,/m/0h6730v
clueweb12-0000tw-00-00026,The Palliative Care,/m/01p8f_
clueweb12-0000tw-00-00039,PARIS,/m/043rjm2
clueweb12-0000tw-00-00033,NYSE,/m/05drh
clueweb12-0000tw-00-00036,NYSE,/m/05drh
clueweb12-0000tw-00-00041,Prince William,/m/0jh52
clueweb12-0000tw-00-00054,RK,/m/01w0h5
clueweb12-0000tw-00-00059,Andre,/m/016qqv
clueweb12-0000tw-00-00062,Bloomberg,/m/09pfj
clueweb12-0000tw-00-00065,Jessica,/m/03bxqcb
clueweb12-0000tw-00-00074,Program,/m/01b532
clueweb12-0000tw-00-00037,BAC,/m/01jms
clueweb12-0000tw-00-00041,NYSE,/m/05drh
clueweb12-0000tw-00-00053,Beginner,/m/01pf8g4
clueweb12-0000tw-00-00033,Slump,/m/09g9903
clueweb12-0000tw-00-00054,The Huffington Post,/m/064293
clueweb12-0000tw-00-00054,WIB,/m/02b53b
clueweb12-0000tw-00-00048,Bookmark,/m/04msfj
clueweb12-0000tw-00-00080,AppZapper,/m/09r4q9
clueweb12-0000tw-00-00085,Romney,/m/0271_s
clueweb12-0000tw-00-00059,Canadian Club,/m/021sd3
clueweb12-0000tw-00-00073,PSN,/m/03bxt_x
clueweb12-0000tw-00-00080,Stephanie,/m/0c1qx3
clueweb12-0000tw-00-00037,Bank of America,/m/01yx7f
clueweb12-0000tw-00-00054,Singapore,/m/06t2t
clueweb12-0000tw-00-00057,Post,/m/084dw
clueweb12-0000tw-00-00057,Brian Cashman,/m/03cs4vd
clueweb12-0000tw-00-00063,Levi,/m/05w8thf
clueweb12-0000tw-00-00041,BAC,/m/01jms
clueweb12-0000tw-00-00054,Video Ga Ga,/m/0478__m
clueweb12-0000tw-00-00066,US,/m/05w_b6
clueweb12-0000tw-00-00048,Chicken,/m/0f25w9
clueweb12-0000tw-00-00064,Barb,/m/0dcwws
clueweb12-0000tw-00-00065,Times,/m/05lq3q
clueweb12-0000tw-00-00085,Rick Perry,/m/02nlj_
clueweb12-0000tw-00-00045,JavaScript,/m/032z87
clueweb12-0000tw-00-00060,New York,/m/02_286
clueweb12-0000tw-00-00065,NY Times,/m/07k2d
clueweb12-0000tw-00-00081,Ill,/m/01wx5r1
clueweb12-0000tw-00-00046,3rd party,/m/01z1pq
clueweb12-0000tw-00-00051,WordPress,/m/02vtpl
clueweb12-0000tw-00-00056,Rhino,/m/027l9tp
clueweb12-0000tw-00-00063,Ed McMahon,/m/01nr63
clueweb12-0000tw-00-00086,Influential,/m/026cl_m
clueweb12-0000tw-00-00059,Rockaway,/m/0xr3x
clueweb12-0000tw-00-00066,Reese,/m/077x27
clueweb12-0000tw-00-00080,RGB,/m/06g_5
clueweb12-0000tw-00-00081,Mich,/m/04rrx
clueweb12-0000tw-00-00019,Healthcare,/m/0gk5f
clueweb12-0000tw-00-00039,BAC,/m/01jms
clueweb12-0000tw-00-00046,WMV,/m/01gt3p
clueweb12-0000tw-00-00054,kursi,/m/05jlpz
clueweb12-0000tw-00-00080,Adobe,/m/01cyrg
clueweb12-0000tw-00-00007,Maggie,/m/0697fl0
clueweb12-0000tw-00-00046,Windows Media,/m/028x6s
clueweb12-0000tw-00-00061,RSS,/m/0n5tx
clueweb12-0000tw-00-00064,the Romance Writers of America,/m/0chmg4
clueweb12-0000tw-00-00071,HDMI,/m/02mvfg
clueweb12-0000tw-00-00033,AP,/m/0k5b5
clueweb12-0000tw-00-00048,Boil,/m/03xp5n
clueweb12-0000tw-00-00075,Amnesia,/m/07mhhn
clueweb12-0000tw-00-00035,WordPress,/m/02vtpl
clueweb12-0000tw-00-00053,dunia,/m/0899dz
clueweb12-0000tw-00-00056,WAY,/m/0gpt12
clueweb12-0000tw-00-00063,Rome,/m/06cmp
clueweb12-0000tw-00-00013,Acquired Immune Deficiency Syndrome,/m/0d19y2
clueweb12-0000tw-00-00036,Los Angeles Times,/m/01p06z
clueweb12-0000tw-00-00051,Gold Star,/m/04x8x0
clueweb12-0000tw-00-00086,WebDesign,/m/01xy5l_
clueweb12-0000tw-00-00086,Search,/m/02wvbrv
clueweb12-0000tw-00-00074,Shurikens,/m/011j2w
clueweb12-0000tw-00-00090,Bowyer,/m/03h0xfm
clueweb12-0000tw-00-00039,Bank of America,/m/01yx7f
clueweb12-0000tw-00-00058,Sauce,/m/04qzc7
clueweb12-0000tw-00-00061,the Nuclear Regulatory Commission,/m/015_kb
clueweb12-0000tw-00-00073,Betrayal,/m/0j88g_k
clueweb12-0000tw-00-00074,Xbox,/m/0k0qgnn
clueweb12-0000tw-00-00083,WordPress,/m/02vtpl
clueweb12-0000tw-00-00071,Microsoft,/m/0160vw
clueweb12-0000tw-00-00071,Piki,/m/03c41cv
clueweb12-0000tw-00-00076,PSN,/m/03bxt_x
clueweb12-0000tw-00-00086,3rd party,/m/01z1pq
clueweb12-0000tw-00-00036,U.S.,/m/029wc8
clueweb12-0000tw-00-00069,us,/m/05w_b6
clueweb12-0000tw-00-00071,Porntube,/m/011vzt
clueweb12-0000tw-00-00064,Nursing,/m/027n7v
clueweb12-0000tw-00-00070,PAX,/m/0308ff
clueweb12-0000tw-00-00072,Time,/m/067l47
clueweb12-0000tw-00-00091,FSI FontShop International GmbHFSIXavier,/m/07k46kb
clueweb12-0000tw-00-00000,annecy,/m/0282xrl
clueweb12-0000tw-00-00014,throat,/m/05qcx0v
clueweb12-0000tw-00-00071,Time,/m/067l47
clueweb12-0000tw-00-00054,Pink,/m/07b2vd
clueweb12-0000tw-00-00059,Brooklyn,/m/02vqw3
clueweb12-0000tw-00-00085,Michelle Bachmann,/m/06jm4y
clueweb12-0000tw-00-00060,Gothamist,/m/0h7tps
clueweb12-0000tw-00-00074,Blizzard,/m/01jx9
clueweb12-0000tw-00-00085,John Huntsman,/m/01fgd3
clueweb12-0000tw-00-00065,Rick Riordan,/m/026r5yz
clueweb12-0000tw-00-00065,US,/m/05w_b6
clueweb12-0000tw-00-00066,India,/m/027bcxk
clueweb12-0000tw-00-00075,Time,/m/067l47
clueweb12-0000tw-00-00080,Postbox,/m/04w67_
clueweb12-0000tw-00-00082,Brad Pitt,/m/0c6qh
clueweb12-0000tw-00-00019,State,/m/04y847h
clueweb12-0000tw-00-00045,Cassius,/m/0h353
clueweb12-0000tw-00-00065,Liz,/m/01mm96m
clueweb12-0000tw-00-00066,Jerry,/m/01v0432
clueweb12-0000tw-00-00076,Final Fantasy XIII-2 Review,/m/0g9sv_q
clueweb12-0000tw-00-00089,LHR,/m/0f36fq
clueweb12-0000tw-00-00031,Myeloma,/m/089c34
clueweb12-0000tw-00-00054,Los Angeles,/m/04wmvz
clueweb12-0000tw-00-00067,Adam,/m/01pm0_
clueweb12-0000tw-00-00085,Gingrich,/m/018fzs
clueweb12-0000tw-00-00086,webdesigner,/m/086df
clueweb12-0000tw-00-00088,AMS,/m/02y6w1
clueweb12-0000tw-00-00024,the Kansas City Star,/m/01c9qf
clueweb12-0000tw-00-00053,Bourne,/m/03nb2p
clueweb12-0000tw-00-00065,Reese,/m/077x27
clueweb12-0000tw-00-00070,Ed,/m/05b2n_7
clueweb12-0000tw-00-00065,Framed,/m/09_2r6
clueweb12-0000tw-00-00083,SEO,/m/0dxmvd
clueweb12-0000tw-00-00054,Anda,/m/06zjycw
clueweb12-0000tw-00-00077,Mass Effect 3,/m/04f2mnn
clueweb12-0000tw-00-00051,Money,/m/0g649tz
clueweb12-0000tw-00-00081,Cialdini,/m/03b3jv
clueweb12-0000tw-00-00050,Bookmark,/m/04msfj
clueweb12-0000tw-00-00065,John Williams,/m/0146pg
clueweb12-0000tw-00-00067,PST,/m/04mkz8
clueweb12-0000tw-00-00070,Hill,/m/05t0mr1
clueweb12-0000tw-00-00017,influenza,/m/087cyy
clueweb12-0000tw-00-00091,OL,/m/02pwfdb
clueweb12-0000tw-00-00033,the New York Stock Exchange,/m/05drh
clueweb12-0000tw-00-00066,PST,/m/04mkz8
clueweb12-0000tw-00-00040,WordPress,/m/02vtpl
clueweb12-0000tw-00-00074,Warcraft,/m/03bwwx
clueweb12-0000tw-00-00038,Paris,/m/0h0_x
clueweb12-0000tw-00-00057,FBI,/m/02_1m
clueweb12-0000tw-00-00073,Alistair Overeem,/m/07k84q
clueweb12-0000tw-00-00025,house,/m/06cbwq_
clueweb12-0000tw-00-00056,Ron Paul,/m/016lh0
clueweb12-0000tw-00-00064,Diploma,/m/05z868
clueweb12-0000tw-00-00073,Final Fantasy,/m/0g9sv_q
clueweb12-0000tw-00-00073,Jak 3,/m/0523v3
clueweb12-0000tw-00-00083,Wordpress,/m/02w7h
clueweb12-0000tw-00-00062,RSS,/m/0n5tx
clueweb12-0000tw-00-00089,IAD,/m/0842b
clueweb12-0000tw-00-00053,Microsoft,/m/0160vw
clueweb12-0000tw-00-00054,Lady Gaga,/m/0478__m
clueweb12-0000tw-00-00054,batas,/m/06w627h
clueweb12-0000tw-00-00070,Sony,/m/06q07
clueweb12-0000tw-00-00034,WordPress,/m/02vtpl
clueweb12-0000tw-00-00065,Jerry,/m/01v0432
clueweb12-0000tw-00-00053,Bookmark,/m/04msfj
clueweb12-0000tw-00-00053,karat,/m/03dw31
clueweb12-0000tw-00-00040,Los Angeles Times,/m/01p06z
clueweb12-0000tw-00-00051,Costco,/m/029f32
clueweb12-0000tw-00-00058,RSS,/m/0n5tx
clueweb12-0000tw-00-00070,the PS Vita,/m/0fqq_84
clueweb12-0000tw-00-00083,PMA,/m/027g11f
clueweb12-0000tw-00-00086,Save,/m/03c99c1
clueweb12-0000tw-00-00089,DUB,/m/0828v
clueweb12-0000tw-00-00040,BAC,/m/01jms
clueweb12-0000tw-00-00051,Bookmark,/m/04msfj
clueweb12-0000tw-00-00054,Belum,/m/03clsl1
clueweb12-0000tw-00-00085,Twitter,/m/0289n8t
clueweb12-0000tw-00-00088,DUB,/m/0828v
clueweb12-0000tw-00-00027,United healthcare,/m/09n0db4
clueweb12-0000tw-00-00059,Bartender,/m/02fbcn
clueweb12-0000tw-00-00065,PST,/m/04mkz8
clueweb12-0000tw-00-00077,Mass Effect 2,/m/03whsdg
clueweb12-0000tw-00-00017,Immunodeficiency Virus,/m/03p41
clueweb12-0000tw-00-00060,Ray Kelly,/m/027sm6
clueweb12-0000tw-00-00064,Meditation,/m/0bqyl
clueweb12-0000tw-00-00073,Burns,/m/02b0sy
clueweb12-0000tw-00-00046,FireFox,/m/04ycw3k
clueweb12-0000tw-00-00073,Catherine,/m/0gm0bpr
clueweb12-0000tw-00-00074,RTS,/m/0k80c
clueweb12-0000tw-00-00083,Gajanan,/m/0b_ylr
clueweb12-0000tw-00-00053,Madonna,/m/0c1twn9
clueweb12-0000tw-00-00065,Amazon,/m/0mgkg
clueweb12-0000tw-00-00075,Frictional,/m/0gjzf
clueweb12-0000tw-00-00033,Los Angeles Times,/m/01p06z
clueweb12-0000tw-00-00064,Pick,/m/0d3s36
clueweb12-0000tw-00-00067,Richmond,/m/0phhl
clueweb12-0000tw-00-00084,Amazons,/m/0s9q
clueweb12-0000tw-00-00063,Diana,/m/01wrcxr
clueweb12-0000tw-00-00066,Rebecca,/m/047tr42
clueweb12-0000tw-00-00083,Feedburner,/m/0p510qp
clueweb12-0000tw-00-00089,Continental,/m/04_1l0v
clueweb12-0000tw-00-00047,Bookmark,/m/04msfj
clueweb12-0000tw-00-00053,FlashDisk,/m/023s_v
clueweb12-0000tw-00-00054,Greyson Chance,/m/0bxzfbd
clueweb12-0000tw-00-00070,Geek,/m/04mzgh
clueweb12-0000tw-00-00057,Cashman,/m/01q_128
clueweb12-0000tw-00-00060,Linda Fairstein,/m/0bllq5
clueweb12-0000tw-00-00047,WordPress,/m/02vtpl
clueweb12-0000tw-00-00057,Manhattan,/m/04ftdq
clueweb12-0000tw-00-00064,Challenge,/m/05p7bjn
clueweb12-0000tw-00-00070,Amnesia,/m/07mhhn
clueweb12-0000tw-00-00070,Time,/m/067l47
clueweb12-0000tw-00-00082,Forbes,/m/02bk9k
clueweb12-0000tw-00-00091,FSI,/m/05g0kq
clueweb12-0000tw-00-00038,WordPress,/m/02vtpl
clueweb12-0000tw-00-00046,MAC,/m/055lk
clueweb12-0000tw-00-00054,Satu,/m/04grp4d
clueweb12-0000tw-00-00066,Amazon,/m/0mgkg
clueweb12-0000tw-00-00089,AMS,/m/02y6w1
clueweb12-0000tw-00-00033,Athens,/m/0n2z
clueweb12-0000tw-00-00073,Xbox,/m/0k0qgnn
clueweb12-0000tw-00-00088,IMHO,/m/01yjl
clueweb12-0000tw-00-00038,Los Angeles Times,/m/01p06z
clueweb12-0000tw-00-00054,Cody Simpson,/m/0bxzygh
clueweb12-0000tw-00-00073,Time,/m/067l47
clueweb12-0000tw-00-00061,Allison Fisher,/m/0czp9j
clueweb12-0000tw-00-00065,Simmi,/m/063__x
clueweb12-0000tw-00-00070,Lollipop Chainsaw,/m/0h1gty3
clueweb12-0000tw-00-00080,Billings,/m/0x44q
clueweb12-0000tw-00-00059,RSS,/m/0n5tx
clueweb12-0000tw-00-00069,Extra-Credit Activities,/m/058cnc
clueweb12-0000tw-00-00070,Team Ico,/m/02pvg7d
clueweb12-0000tw-00-00070,Yoshida,/m/0563r2
clueweb12-0000tw-00-00054,iTunes,/m/01fyz1
clueweb12-0000tw-00-00056,RINO,/m/0h6txw
clueweb12-0000tw-00-00062,OccupyWallStreet,/m/0h63jfq
clueweb12-0000tw-00-00072,PSN,/m/03bxt_x
clueweb12-0000tw-00-00073,Maggie,/m/0697fl0
clueweb12-0000tw-00-00033,Feb,/m/02xx5
clueweb12-0000tw-00-00034,Bank of America,/m/01yx7f
clueweb12-0000tw-00-00080,America,/m/045n973
clueweb12-0000tw-00-00083,Orange County,/m/0fkh6
clueweb12-0000tw-00-00064,Canada,/m/0csjny
clueweb12-0000tw-00-00065,Alex,/m/06f952x
clueweb12-0000tw-00-00033,BAC,/m/01jms
clueweb12-0000tw-00-00061,New York City,/m/02_286
clueweb12-0000tw-00-00030,Fallacy,/m/0f3rv
clueweb12-0000tw-00-00037,NYSE,/m/05drh
clueweb12-0000tw-00-00046,Safari,/m/0199b0
clueweb12-0000tw-00-00037,WordPress,/m/02vtpl
clueweb12-0000tw-00-00038,CBS News,/m/01_8w2
clueweb12-0000tw-00-00069,Dark Magick,/m/0m2zx
clueweb12-0000tw-00-00075,Shurikens,/m/011j2w
clueweb12-0000tw-00-00077,Final Fantasy XIII-2 Review,/m/0g9sv_q
clueweb12-0000tw-00-00077,PS3,/m/067gh
clueweb12-0000tw-00-00058,Gothamist,/m/0h7tps
clueweb12-0000tw-00-00054,Fox,/m/01kn7m
clueweb12-0000tw-00-00060,NYPD,/m/01lvn4
clueweb12-0000tw-00-00071,Apple,/m/01zb1g4
clueweb12-0000tw-00-00072,Foodie,/m/02vkffy
clueweb12-0000tw-00-00073,The Precursor Legacy,/m/068jrk
clueweb12-0000tw-00-00082,U.S.,/m/029wc8
clueweb12-0000tw-00-00061,Indian Point,/m/05j6y0
clueweb12-0000tw-00-00064,REVIEWS,/m/09gcsvt
clueweb12-0000tw-00-00070,GameSpot,/m/03x5tj
clueweb12-0000tw-00-00088,LHR,/m/0f36fq
clueweb12-0000tw-00-00054,Offline,/m/0bcp7
clueweb12-0000tw-00-00054,spectacular!Tata,/m/043rjsy
clueweb12-0000tw-00-00070,UK,/m/04jpl
clueweb12-0000tw-00-00070,the Last Guardian,/m/06404g0
clueweb12-0000tw-00-00080,Ismail,/m/03y2y
clueweb12-0000tw-00-00084,Ill,/m/01wx5r1
clueweb12-0000tw-00-00034,Central Banks,/m/01q82
clueweb12-0000tw-00-00054,Guy Oseary,/m/0dpjz8
clueweb12-0000tw-00-00054,Los Angeles Times,/m/01p06z
clueweb12-0000tw-00-00063,Jerusalem,/m/05tfn1
clueweb12-0000tw-00-00070,Arthur,/m/05b6rm5
clueweb12-0000tw-00-00070,Colossus,/m/01vmc
clueweb12-0000tw-00-00083,Harsh,/m/061bv
clueweb12-0000tw-00-00025,Baby Boomers,/m/0cpgf
clueweb12-0000tw-00-00026,Accident Compensation Corporation,/m/09dxbw
clueweb12-0000tw-00-00064,Emma,/m/0frym
clueweb12-0000tw-00-00067,South Carolina,/m/02gnrg
clueweb12-0000tw-00-00072,Shurikens,/m/011j2w
clueweb12-0000tw-00-00092,Lorem,/m/01b0qc
clueweb12-0000tw-00-00061,NYC,/m/02_286
clueweb12-0000tw-00-00070,Total War,/m/02l2fg
clueweb12-0000tw-00-00085,WordPress,/m/02vtpl
clueweb12-0000tw-00-00036,BAC,/m/01jms
clueweb12-0000tw-00-00054,Greyson Michael Chance,/m/0bxzfbd
clueweb12-0000tw-00-00070,China,/m/0dpsf
clueweb12-0000tw-00-00047,Chicken,/m/0f25w9
clueweb12-0000tw-00-00054,Yahoo,/m/019rl6
clueweb12-0000tw-00-00067,US,/m/05w_b6
clueweb12-0000tw-00-00073,Jak,/m/02rvjjk
clueweb12-0000tw-00-00033,Bank of America,/m/01yx7f
clueweb12-0000tw-00-00053,Anda,/m/06zjycw
clueweb12-0000tw-00-00056,Tokyo,/m/04j_8j
clueweb12-0000tw-00-00059,haha,/m/0c490g
clueweb12-0000tw-00-00073,Naughty,/m/04sfn5
clueweb12-0000tw-00-00053,yang,/m/0crypnk
clueweb12-0000tw-00-00063,Nechama,/m/0c3t1jt
clueweb12-0000tw-00-00036,CBS News,/m/01_8w2
clueweb12-0000tw-00-00038,NYSE,/m/05drh
clueweb12-0000tw-00-00040,CBS News,/m/01_8w2
clueweb12-0000tw-00-00061,Japan,/m/03cbhps
clueweb12-0000tw-00-00064,KINDLE,/m/0h65vcz
clueweb12-0000tw-00-00066,Rick Riordan,/m/026r5yz
clueweb12-0000tw-00-00071,Shurikens,/m/011j2w
clueweb12-0000tw-00-00072,Piki,/m/03c41cv
clueweb12-0000tw-00-00073,Smithers,/m/0h897
clueweb12-0000tw-00-00086,Tweetdeck,/m/05q7b3y
clueweb12-0000tw-00-00053,App Facebook Pesa,/m/09gjxqy
clueweb12-0000tw-00-00060,Fox New York,/m/026tjln
clueweb12-0000tw-00-00071,PSN,/m/03bxt_x
clueweb12-0000tw-00-00060,Greg Kelly,/m/0bl_7t
clueweb12-0000tw-00-00060,keepin,/m/0f02vdc
clueweb12-0000tw-00-00062,NYC,/m/02_286
clueweb12-0000tw-00-00073,Katherine,/m/0cp4m
clueweb12-0000tw-00-00074,Icefrog,/m/0h3x557
clueweb12-0000tw-00-00033,Richard Drew,/m/02pb5v
clueweb12-0000tw-00-00040,Wyclef Jean,/m/01s1zk
clueweb12-0000tw-00-00054,kartu,/m/09g66xh
clueweb12-0000tw-00-00035,Los Angeles Times,/m/01p06z
clueweb12-0000tw-00-00051,Advantage,/m/01s05v
clueweb12-0000tw-00-00057,Sano,/m/04xxy1
clueweb12-0000tw-00-00057,U.S.,/m/029wc8
clueweb12-0000tw-00-00058,Albany,/m/0slbf
clueweb12-0000tw-00-00065,John,/m/0150p7
clueweb12-0000tw-00-00074,mod,/m/01gqmp
clueweb12-0000tw-00-00088,IAD,/m/0842b
clueweb12-0000tw-00-00046,Flip4Mac,/m/0bf90p
clueweb12-0000tw-00-00067,Charlotte Whitney,/m/05ztxpz
clueweb12-0000tw-00-00034,NYSE,/m/05drh
clueweb12-0000tw-00-00067,New York Times,/m/0275mm1
clueweb12-0000tw-00-00057,Meanwell,/m/0fvb7c
clueweb12-0000tw-00-00065,Richmond,/m/0phhl
clueweb12-0000tw-00-00067,WordPress,/m/02vtpl
clueweb12-0000tw-00-00075,Final Fantasy XIII-2 Review,/m/0g9sv_q
clueweb12-0000tw-00-00070,Nicks,/m/094xh
clueweb12-0000tw-00-00075,PSN,/m/03bxt_x
clueweb12-0000tw-00-00082,Illinois,/m/0sf9_
clueweb12-0000tw-00-00007,Luke,/m/01lmln
clueweb12-0000tw-00-00051,costco,/m/029f32
clueweb12-0000tw-00-00054,kelapa,/m/03ns5jx
clueweb12-0000tw-00-00081,Janes,/m/0ycp3
clueweb12-0000tw-00-00057,Yankees,/m/01_rgt
clueweb12-0000tw-00-00065,Virginia,/m/031tdl
clueweb12-0000tw-00-00072,Final Fantasy XIII-2 Review,/m/0g9sv_q
clueweb12-0000tw-00-00085,SEO,/m/0dxmvd
clueweb12-0000tw-00-00054,Malaysia,/m/049n7h
clueweb12-0000tw-00-00059,NYC,/m/02_286
clueweb12-0000tw-00-00060,Dude,/m/0gtvgxn
clueweb12-0000tw-00-00071,Amazon,/m/0mgkg
clueweb12-0000tw-00-00073,Lego Harry Potter,/m/064m4dg
clueweb12-0000tw-00-00077,Shepard,/m/01qh0d
clueweb12-0000tw-00-00051,Sams,/m/04q9274
clueweb12-0000tw-00-00082,Financial Times,/m/0108kc
clueweb12-0000tw-00-00060,DA,/m/0fszkd2
clueweb12-0000tw-00-00014,Human Immunodeficiency Virus,/m/03p41
clueweb12-0000tw-00-00028,Breast Cancer,/m/0j8hd
clueweb12-0000tw-00-00062,James Elementary School,/m/076mqzv
clueweb12-0000tw-00-00070,Fumito Ueda,/m/08mljy
clueweb12-0000tw-00-00054,gelora bung,/m/0hnd59n
clueweb12-0000tw-00-00060,the New YORK POST,/m/0px3s
clueweb12-0000tw-00-00062,Shelly,/m/02py8p6
clueweb12-0000tw-00-00074,Dota,/m/074dg9
clueweb12-0000tw-00-00082,John Caples,/m/05xpclq
clueweb12-0000tw-00-00056,Gothamist,/m/0h7tps
clueweb12-0000tw-00-00057,New York,/m/02_286
clueweb12-0000tw-00-00061,Augusta,/m/01ktz1
clueweb12-0000tw-00-00077,Shurikens,/m/011j2w
clueweb12-0000tw-00-00065,India,/m/027bcxk
clueweb12-0000tw-00-00075,China,/m/0dpsf
clueweb12-0000tw-00-00082,Angelina Jolie,/m/0f4vbz
clueweb12-0000tw-00-00082,the Motley Fool,/m/0578mk
clueweb12-0000tw-00-00054,Oklahoma,/m/0fvzg
clueweb12-0000tw-00-00073,GTA,/m/0hgnzjh
clueweb12-0000tw-00-00038,New York,/m/02_286
clueweb12-0000tw-00-00039,Reuters,/m/02r5t91
clueweb12-0000tw-00-00054,USA,/m/08f91h
clueweb12-0000tw-00-00058,Caputo,/m/02g26j
clueweb12-0000tw-00-00062,PEP,/m/043k6kl
clueweb12-0000tw-00-00074,Warcraft III,/m/02mj6l
clueweb12-0000tw-00-00075,Rock Paper Shotgun,/m/06wc8qr
clueweb12-0000tw-00-00054,Elton John,/m/01vrz41
clueweb12-0000tw-00-00062,Walcott,/m/01qqxfm
clueweb12-0000tw-00-00064,Amazon,/m/0mgkg
clueweb12-0000tw-00-00067,Charlies,/m/017jmt
clueweb12-0000tw-00-00085,Iowa,/m/0ghvb
clueweb12-0000tw-00-00053,Aaron Cross,/m/04n23wh
clueweb12-0000tw-00-00054,Greyson,/m/0bxzfbd
clueweb12-0000tw-00-00060,Fox Five,/m/0f4_l
clueweb12-0000tw-00-00071,Xbox,/m/0k0qgnn
clueweb12-0000tw-00-00085,Drupal,/m/01641s
clueweb12-0000tw-00-00090,Log,/m/02pvq3t
clueweb12-0000tw-00-00091,EiD,/m/08g92n
clueweb12-0000tw-00-00050,Recipes,/m/0p57p
clueweb12-0000tw-00-00054,pisang goreng,/m/098dtj
clueweb12-0000tw-00-00057,Fatal Attraction,/m/0yx7h
clueweb12-0000tw-00-00060,RSS,/m/0n5tx
clueweb12-0000tw-00-00014,Acquired Immune Deficiency Syndrome,/m/0d19y2
clueweb12-0000tw-00-00054,Ellen,/m/0528kc
clueweb12-0000tw-00-00062,Cathie Black,/m/0ds092t
clueweb12-0000tw-00-00033,CBS News,/m/01_8w2
clueweb12-0000tw-00-00035,NYSE,/m/05drh
clueweb12-0000tw-00-00067,Scott Nicholson,/m/0g9sy7t
clueweb12-0000tw-00-00049,WordPress,/m/02vtpl
clueweb12-0000tw-00-00073,PSP,/m/02x8rd
clueweb12-0000tw-00-00037,pct,/m/056rt8
clueweb12-0000tw-00-00056,Rhinos,/m/03d443
clueweb12-0000tw-00-00060,Kelly,/m/0cz4_f
clueweb12-0000tw-00-00029,Austin,/m/0vzm
clueweb12-0000tw-00-00049,Bookmark,/m/04msfj
clueweb12-0000tw-00-00067,Mensa,/m/0140pf
clueweb12-0000tw-00-00071,Final Fantasy XIII-2 Review,/m/0g9sv_q
clueweb12-0000tw-00-00050,WordPress,/m/02vtpl
clueweb12-0000tw-00-00061,the New York Public Interest Research Group,/m/040k1y
clueweb12-0000tw-00-00020,Arithmetic,/m/013sg
clueweb12-0000tw-00-00065,CIA,/m/0d6qjf
clueweb12-0000tw-00-00085,Barack Obama,/m/06bxbln
clueweb12-0000tw-00-00033,ATHENS,/m/0gfnxs
clueweb12-0000tw-00-00059,Inwood,/m/010w9m
clueweb12-0000tw-00-00073,Jenn,/m/03grhgl
clueweb12-0000tw-00-00065,s,/m/028brk4
clueweb12-0000tw-00-00014,vagina,/m/02rf74
clueweb12-0000tw-00-00028,Estee Lauder,/m/02x969
clueweb12-0000tw-00-00047,Recipes,/m/0p57p
clueweb12-0000tw-00-00053,BlackBerry PlayBook,/m/0cnz82z
clueweb12-0000tw-00-00056,Bernie,/m/0x0gk
clueweb12-0000tw-00-00065,Elmore Leonard,/m/025b3k
clueweb12-0000tw-00-00069,Educator,/m/02jfc
clueweb12-0000tw-00-00084,eCommerce,/m/02m96
clueweb12-0000tw-00-00090,Virtual Labs Inc.,/m/0gg5v7s
clueweb12-0000tw-00-00026,ACC,/m/01s8jw
clueweb12-0000tw-00-00054,LA,/m/0nbq1m
clueweb12-0000tw-00-00070,Xbox,/m/0k0qgnn
clueweb12-0000tw-00-00084,Cart,/m/01gtz4
clueweb12-0000tw-00-00089,RPU,/m/05ywlz
clueweb12-0000tw-00-00039,NYSE,/m/05drh
clueweb12-0000tw-00-00063,US,/m/05w_b6
clueweb12-0000tw-00-00070,Shurikens,/m/011j2w
clueweb12-0000tw-00-00082,Greed,/m/0jsjm
clueweb12-0000tw-00-00009,Disney,/m/02fzs
clueweb12-0000tw-00-00054,Ellen DeGeneres,/m/01gbbz
clueweb12-0000tw-00-00056,Spencer,/m/031ygd
clueweb12-0000tw-00-00070,Adobe,/m/01cyrg
clueweb12-0000tw-00-00031,Lymphoma,/m/0g79dz
clueweb12-0000tw-00-00033,WordPress,/m/02vtpl
clueweb12-0000tw-00-00061,Cuomo,/m/02pjpd
clueweb12-0000tw-00-00070,CVG,/m/04ttvx
clueweb12-0000tw-00-00070,Rock Paper Shotgun,/m/06wc8qr
clueweb12-0000tw-00-00007,Michelle,/m/03yczrq
clueweb12-0000tw-00-00041,WordPress,/m/02vtpl
clueweb12-0000tw-00-00066,Jessica,/m/03bxqcb
clueweb12-0000tw-00-00073,Jak II,/m/051kyw
clueweb12-0000tw-00-00054,Indonesia,/m/03ryn
clueweb12-0000tw-00-00063,Amazon,/m/0mgkg
clueweb12-0000tw-00-00067,Lauren,/m/0gg82ty
clueweb12-0000tw-00-00070,Ueda,/m/03dk7z
